airline,date_of_journey,source,destination,dep_time,arrival_time,duration,total_stops,additional_info,price
Indigo,2019-05-06,Delhi,Cochin,07:30:00,21:00:00,810,1.0,No Info,7191
Indigo,2019-04-06,Banglore,Delhi,23:30:00,02:20:00,170,0.0,No Info,4591
Jet Airways,2019-05-21,Kolkata,Banglore,14:05:00,10:05:00,1200,1.0,No Info,14388
Multiple Carriers,2019-05-15,Delhi,Cochin,15:00:00,01:30:00,630,1.0,No Info,13727
Multiple Carriers,2019-06-15,Delhi,Cochin,13:00:00,19:15:00,375,1.0,No Info,16108
Indigo,2019-06-24,Mumbai,Hyderabad,12:00:00,13:30:00,90,0.0,No Info,2754
Vistara,2019-05-24,Kolkata,Banglore,07:10:00,18:50:00,700,1.0,No Info,9555
Air India,2019-03-15,Banglore,New Delhi,05:50:00,12:55:00,425,1.0,No Info,9029
Jet Airways,2019-04-06,Delhi,Cochin,08:00:00,19:00:00,660,1.0,In-flight meal not included,5406
Indigo,2019-04-15,Delhi,Cochin,17:05:00,22:15:00,310,1.0,No Info,5912
Multiple Carriers,2019-06-06,Delhi,Cochin,07:30:00,19:15:00,705,1.0,No Info,9001
Jet Airways,2019-04-01,Kolkata,Banglore,08:25:00,18:15:00,590,1.0,No Info,12681
Indigo,2019-05-18,Kolkata,Banglore,15:30:00,18:05:00,155,0.0,No Info,4804
Multiple Carriers,2019-03-21,Delhi,Cochin,09:00:00,21:00:00,720,1.0,No Info,13062
Indigo,2019-06-06,Mumbai,Hyderabad,19:05:00,20:35:00,90,0.0,No Info,2754
Multiple Carriers,2019-06-01,Delhi,Cochin,08:00:00,21:00:00,780,1.0,No Info,13587
Jet Airways,2019-04-06,Banglore,Delhi,15:15:00,18:10:00,175,0.0,No Info,7229
Jet Airways,2019-05-01,Kolkata,Banglore,20:25:00,10:55:00,870,1.0,No Info,12121
Spicejet,2019-06-18,Kolkata,Banglore,22:20:00,00:40:00,140,0.0,No check-in baggage included,3841
Spicejet,2019-06-24,Delhi,Cochin,08:45:00,13:15:00,270,1.0,No Info,4812
Indigo,2019-04-01,Delhi,Cochin,07:35:00,12:10:00,275,1.0,No Info,5073
Jet Airways,2019-05-06,Kolkata,Banglore,09:35:00,18:00:00,505,1.0,In-flight meal not included,12384
Multiple Carriers,2019-03-21,Delhi,Cochin,11:30:00,18:50:00,440,1.0,No Info,11622
Spicejet,2019-06-12,Banglore,Delhi,05:55:00,08:35:00,160,0.0,No Info,4423
Vistara,2019-05-18,Banglore,Delhi,17:00:00,19:35:00,155,0.0,No Info,4878
Jet Airways,2019-06-09,Kolkata,Banglore,20:00:00,20:45:00,1485,1.0,In-flight meal not included,10844
Vistara,2019-03-24,Kolkata,Banglore,07:10:00,20:25:00,795,1.0,No Info,13152
Jet Airways,2019-05-06,Kolkata,Banglore,09:35:00,09:45:00,1450,1.0,No Info,10953
Jet Airways,2019-05-15,Kolkata,Banglore,09:35:00,19:10:00,575,1.0,No Info,13067
Air Asia,2019-06-12,Kolkata,Banglore,06:50:00,10:30:00,220,1.0,No Info,5162
Indigo,2019-06-24,Delhi,Cochin,23:30:00,04:35:00,305,1.0,No Info,9165
Indigo,2019-03-18,Kolkata,Banglore,15:10:00,17:45:00,155,0.0,No Info,4462
Air India,2019-05-01,Kolkata,Banglore,09:25:00,07:55:00,1350,1.0,No Info,8366
Vistara,2019-06-09,Banglore,Delhi,09:45:00,12:35:00,170,0.0,No Info,4668
Indigo,2019-05-18,Delhi,Cochin,14:20:00,22:30:00,490,1.0,No Info,7640
Jet Airways,2019-06-09,Banglore,Delhi,08:20:00,11:20:00,180,0.0,In-flight meal not included,7229
Multiple Carriers,2019-06-01,Delhi,Cochin,09:00:00,21:00:00,720,1.0,No Info,13587
Jet Airways,2019-05-18,Delhi,Cochin,13:25:00,12:35:00,1390,2.0,No Info,15129
Air India,2019-03-27,Delhi,Cochin,13:05:00,07:40:00,1115,2.0,No Info,8892
Multiple Carriers,2019-05-09,Delhi,Cochin,07:05:00,16:10:00,545,1.0,No Info,8018
Jet Airways,2019-05-09,Kolkata,Banglore,06:30:00,04:40:00,1330,1.0,No Info,13941
Multiple Carriers,2019-06-03,Delhi,Cochin,06:40:00,19:15:00,755,1.0,No Info,7354
Jet Airways,2019-06-27,Mumbai,Hyderabad,07:05:00,08:30:00,85,0.0,No Info,8040
Jet Airways,2019-05-01,Banglore,Delhi,19:50:00,22:50:00,180,0.0,No Info,7229
Indigo,2019-06-09,Banglore,Delhi,21:15:00,00:15:00,180,0.0,No Info,3943
Air India,2019-05-21,Kolkata,Banglore,12:00:00,13:15:00,1515,1.0,No Info,7662
Jet Airways,2019-05-24,Kolkata,Banglore,16:30:00,12:00:00,1170,1.0,In-flight meal not included,10844
Spicejet,2019-04-03,Mumbai,Hyderabad,05:45:00,07:15:00,90,0.0,No Info,2017
Spicejet,2019-05-12,Mumbai,Hyderabad,05:45:00,07:15:00,90,0.0,No Info,2017
Jet Airways,2019-06-24,Delhi,Cochin,17:30:00,04:25:00,655,1.0,In-flight meal not included,10262
Multiple Carriers,2019-06-12,Delhi,Cochin,07:05:00,16:10:00,545,1.0,No Info,9646
Jet Airways,2019-05-15,Kolkata,Banglore,20:00:00,10:05:00,845,1.0,In-flight meal not included,8586
Indigo,2019-06-12,Delhi,Cochin,15:00:00,01:30:00,630,1.0,No Info,5684
Jet Airways,2019-06-01,Delhi,Cochin,18:25:00,04:25:00,600,2.0,No Info,14237
Multiple Carriers,2019-03-06,Delhi,Cochin,07:10:00,16:10:00,540,1.0,In-flight meal not included,7563
Spicejet,2019-06-03,Chennai,Kolkata,08:20:00,10:35:00,135,0.0,No Info,3597
Vistara,2019-05-01,Kolkata,Banglore,17:00:00,09:05:00,965,1.0,No Info,8452
Jet Airways,2019-06-01,Banglore,Delhi,18:55:00,22:00:00,185,0.0,No Info,8016
Jet Airways,2019-03-15,Banglore,New Delhi,09:45:00,14:25:00,280,1.0,No Info,8578
Jet Airways,2019-05-15,Kolkata,Banglore,20:00:00,08:15:00,735,1.0,No Info,13941
Air India,2019-03-06,Delhi,Cochin,09:00:00,19:15:00,615,1.0,No Info,15284
Jet Airways,2019-06-06,Kolkata,Banglore,18:55:00,18:15:00,1400,1.0,In-flight meal not included,10844
Multiple Carriers,2019-06-01,Delhi,Cochin,13:00:00,01:30:00,750,1.0,No Info,7723
Indigo,2019-03-21,Delhi,Cochin,07:30:00,13:20:00,350,1.0,No Info,9861
Multiple Carriers,2019-06-24,Delhi,Cochin,06:00:00,19:00:00,780,1.0,No Info,12524
Spicejet,2019-06-18,Mumbai,Hyderabad,13:15:00,14:45:00,90,0.0,No Info,2017
Jet Airways,2019-05-18,Delhi,Cochin,14:00:00,04:25:00,865,1.0,In-flight meal not included,12373
Spicejet,2019-04-15,Kolkata,Banglore,17:10:00,19:40:00,150,0.0,No Info,4174
Jet Airways,2019-06-06,Delhi,Cochin,22:50:00,19:00:00,1210,1.0,In-flight meal not included,10262
Jet Airways,2019-05-21,Kolkata,Banglore,20:25:00,14:25:00,1080,1.0,No Info,11467
Air Asia,2019-06-09,Kolkata,Banglore,06:50:00,10:30:00,220,1.0,No Info,6857
Jet Airways,2019-05-09,Delhi,Cochin,17:30:00,19:00:00,1530,1.0,In-flight meal not included,12373
Indigo,2019-06-12,Delhi,Cochin,16:00:00,21:00:00,300,1.0,No Info,6069
Jet Airways,2019-05-06,Mumbai,Hyderabad,02:55:00,04:20:00,85,0.0,In-flight meal not included,3210
Air India,2019-05-21,Delhi,Cochin,06:05:00,09:25:00,1640,1.0,No Info,7480
Multiple Carriers,2019-03-03,Delhi,Cochin,07:00:00,21:00:00,840,1.0,No Info,15603
Goair,2019-06-01,Banglore,Delhi,07:45:00,10:40:00,175,0.0,No Info,5048
Indigo,2019-05-09,Kolkata,Banglore,09:35:00,12:20:00,165,0.0,No Info,4804
Jet Airways,2019-05-01,Kolkata,Banglore,17:00:00,18:00:00,1500,1.0,In-flight meal not included,9314
Jet Airways,2019-05-12,Delhi,Cochin,11:00:00,14:15:00,195,0.0,No Info,9564
Jet Airways,2019-06-06,Delhi,Cochin,02:15:00,04:25:00,1570,1.0,In-flight meal not included,10262
Jet Airways,2019-06-09,Mumbai,Hyderabad,07:05:00,08:30:00,85,0.0,No Info,5678
Multiple Carriers,2019-05-21,Delhi,Cochin,11:25:00,19:00:00,455,1.0,No Info,9103
Indigo,2019-06-03,Kolkata,Banglore,15:15:00,17:45:00,150,0.0,No Info,4804
Jet Airways,2019-05-18,Kolkata,Banglore,08:25:00,09:20:00,1495,1.0,No Info,14388
Jet Airways,2019-04-21,Banglore,Delhi,07:10:00,10:10:00,180,0.0,No Info,7229
Air Asia,2019-06-24,Delhi,Cochin,07:55:00,22:25:00,870,1.0,No Info,6152
Jet Airways,2019-05-21,Kolkata,Banglore,20:00:00,22:35:00,1595,1.0,In-flight meal not included,10844
Air India,2019-03-21,Banglore,New Delhi,10:30:00,11:20:00,1490,1.0,No Info,6383
Jet Airways,2019-04-24,Banglore,Delhi,18:55:00,22:00:00,185,0.0,No Info,7229
Jet Airways,2019-05-06,Kolkata,Banglore,14:05:00,12:00:00,1315,1.0,In-flight meal not included,9663
Spicejet,2019-06-03,Chennai,Kolkata,09:45:00,12:00:00,135,0.0,No check-in baggage included,3859
Indigo,2019-03-21,Delhi,Cochin,07:35:00,12:00:00,265,1.0,No Info,5073
Air India,2019-03-06,Delhi,Cochin,17:40:00,08:15:00,875,1.0,No Info,11038
Multiple Carriers,2019-03-21,Delhi,Cochin,10:20:00,21:00:00,640,1.0,No Info,7215
Indigo,2019-06-12,Mumbai,Hyderabad,16:55:00,18:25:00,90,0.0,No Info,3175
Jet Airways,2019-06-27,Delhi,Cochin,09:40:00,12:35:00,1615,2.0,No Info,13014
Jet Airways,2019-06-24,Delhi,Cochin,13:00:00,19:00:00,360,1.0,In-flight meal not included,10262
Jet Airways,2019-05-09,Delhi,Cochin,02:15:00,12:35:00,620,1.0,In-flight meal not included,12373
Air India,2019-05-12,Banglore,Delhi,10:00:00,12:45:00,165,0.0,No Info,5228
Air India,2019-03-12,Mumbai,Hyderabad,19:40:00,09:10:00,810,1.0,No Info,10208
Spicejet,2019-05-18,Kolkata,Banglore,11:15:00,18:30:00,435,1.0,No Info,10944
Spicejet,2019-03-27,Chennai,Kolkata,17:45:00,20:05:00,140,0.0,No Info,3384
Spicejet,2019-04-15,Banglore,Delhi,21:10:00,00:05:00,175,0.0,No check-in baggage included,3919
Spicejet,2019-04-03,Delhi,Cochin,08:45:00,13:15:00,270,1.0,No check-in baggage included,4098
Indigo,2019-05-06,Kolkata,Banglore,15:15:00,17:45:00,150,0.0,No Info,4804
Air India,2019-05-21,Delhi,Cochin,17:20:00,09:25:00,965,1.0,No Info,7480
Indigo,2019-06-06,Chennai,Kolkata,05:15:00,07:40:00,145,0.0,No Info,3540
Jet Airways,2019-05-09,Banglore,Delhi,11:10:00,14:05:00,175,0.0,No Info,7229
Air India,2019-03-09,Delhi,Cochin,17:45:00,23:00:00,315,1.0,No Info,9064
Indigo,2019-04-24,Delhi,Cochin,02:00:00,07:25:00,325,1.0,No Info,5636
Spicejet,2019-06-21,Banglore,Delhi,09:30:00,12:20:00,170,0.0,No Info,3625
Jet Airways,2019-05-27,Delhi,Cochin,05:30:00,12:35:00,425,2.0,In-flight meal not included,15544
Jet Airways,2019-06-06,Mumbai,Hyderabad,02:55:00,04:20:00,85,0.0,No Info,5678
Jet Airways,2019-05-15,Kolkata,Banglore,16:30:00,23:35:00,425,1.0,No Info,13941
Jet Airways,2019-04-21,Banglore,Delhi,08:20:00,11:20:00,180,0.0,In-flight meal not included,5198
Air India,2019-05-12,Kolkata,Banglore,12:00:00,18:30:00,1830,2.0,No Info,10676
Air India,2019-03-12,Mumbai,Hyderabad,06:00:00,11:55:00,1795,2.0,No Info,12854
Jet Airways,2019-03-06,Delhi,Cochin,19:10:00,04:25:00,1995,2.0,No Info,16809
Air India,2019-06-06,Kolkata,Banglore,08:20:00,18:30:00,610,2.0,No Info,10697
Jet Airways,2019-05-21,Delhi,Cochin,15:00:00,19:00:00,1680,1.0,No Info,16079
Indigo,2019-03-09,Chennai,Kolkata,13:20:00,15:35:00,135,0.0,No Info,6297
Jet Airways,2019-06-12,Kolkata,Banglore,10:20:00,17:35:00,435,1.0,No Info,8355
Indigo,2019-05-27,Delhi,Cochin,07:15:00,12:30:00,315,1.0,No Info,5636
Vistara,2019-05-01,Kolkata,Banglore,17:00:00,18:50:00,1550,1.0,No Info,8610
Jet Airways,2019-05-15,Banglore,Delhi,18:55:00,22:00:00,185,0.0,No Info,7229
Jet Airways,2019-05-06,Banglore,Delhi,06:00:00,08:45:00,165,0.0,In-flight meal not included,5198
Multiple Carriers,2019-06-27,Delhi,Cochin,11:25:00,19:15:00,470,1.0,No Info,7155
Jet Airways,2019-06-06,Kolkata,Banglore,18:55:00,04:40:00,585,1.0,In-flight meal not included,7757
Jet Airways,2019-06-06,Kolkata,Banglore,17:00:00,09:45:00,1005,1.0,No Info,12692
Air India,2019-06-09,Kolkata,Banglore,20:30:00,20:25:00,1435,1.0,No Info,10203
Jet Airways,2019-03-01,Banglore,New Delhi,16:55:00,10:25:00,1050,1.0,1 Long layover,25735
Jet Airways,2019-05-06,Kolkata,Banglore,16:30:00,23:35:00,425,1.0,In-flight meal not included,11841
Jet Airways,2019-04-09,Delhi,Cochin,23:05:00,12:35:00,810,2.0,No Info,9483
Jet Airways,2019-05-24,Kolkata,Banglore,06:30:00,09:20:00,1610,1.0,In-flight meal not included,9663
Jet Airways,2019-03-27,Delhi,Cochin,02:15:00,18:50:00,995,1.0,No Info,12242
Spicejet,2019-05-12,Chennai,Kolkata,17:45:00,20:05:00,140,0.0,No Info,3597
Multiple Carriers,2019-06-27,Delhi,Cochin,17:30:00,01:30:00,480,1.0,No Info,13377
Air Asia,2019-06-06,Delhi,Cochin,16:45:00,22:25:00,340,1.0,No Info,11410
Jet Airways,2019-05-09,Delhi,Cochin,18:15:00,12:35:00,1100,1.0,In-flight meal not included,12373
Jet Airways,2019-06-06,Kolkata,Banglore,20:25:00,10:55:00,870,1.0,In-flight meal not included,10539
Indigo,2019-05-24,Kolkata,Banglore,09:35:00,12:20:00,165,0.0,No Info,4804
Indigo,2019-06-15,Mumbai,Hyderabad,12:00:00,13:30:00,90,0.0,No Info,2754
Jet Airways,2019-05-12,Kolkata,Banglore,06:30:00,19:50:00,800,1.0,In-flight meal not included,8586
Jet Airways,2019-05-01,Kolkata,Banglore,21:10:00,04:40:00,450,1.0,In-flight meal not included,10844
Jet Airways,2019-05-27,Delhi,Cochin,09:40:00,04:25:00,1125,2.0,No Info,15129
Indigo,2019-06-12,Delhi,Cochin,16:00:00,01:30:00,570,1.0,No Info,6316
Multiple Carriers,2019-06-03,Delhi,Cochin,06:00:00,19:15:00,795,1.0,No Info,9736
Vistara,2019-03-24,Banglore,New Delhi,16:00:00,18:35:00,155,0.0,No Info,11913
Jet Airways,2019-05-01,Mumbai,Hyderabad,19:35:00,21:05:00,90,0.0,No Info,5678
Multiple Carriers,2019-06-15,Delhi,Cochin,08:00:00,19:00:00,660,1.0,No Info,12192
Jet Airways,2019-03-09,Banglore,New Delhi,19:55:00,22:35:00,160,0.0,No Info,7229
Jet Airways,2019-05-18,Banglore,Delhi,11:10:00,14:05:00,175,0.0,In-flight meal not included,5198
Indigo,2019-06-27,Kolkata,Banglore,20:25:00,23:10:00,165,0.0,No Info,4804
Indigo,2019-06-09,Kolkata,Banglore,19:35:00,23:15:00,220,1.0,No Info,5276
Indigo,2019-04-24,Kolkata,Banglore,19:20:00,23:45:00,265,1.0,No Info,3480
Jet Airways,2019-03-12,Banglore,New Delhi,21:25:00,10:25:00,780,1.0,No Info,13817
Air India,2019-05-12,Kolkata,Banglore,10:00:00,23:15:00,795,1.0,No Info,10203
Jet Airways,2019-03-12,Banglore,New Delhi,20:35:00,18:25:00,1310,1.0,In-flight meal not included,11087
Multiple Carriers,2019-06-06,Delhi,Cochin,06:40:00,19:15:00,755,1.0,No Info,7354
Air India,2019-06-27,Delhi,Cochin,09:00:00,19:15:00,615,1.0,No Info,8372
Jet Airways,2019-06-09,Kolkata,Banglore,17:00:00,14:25:00,1285,1.0,No Info,14151
Indigo,2019-06-06,Kolkata,Banglore,17:15:00,19:50:00,155,0.0,No Info,4804
Air Asia,2019-04-06,Banglore,Delhi,11:10:00,13:55:00,165,0.0,No Info,3383
Multiple Carriers,2019-05-18,Delhi,Cochin,10:20:00,21:00:00,640,1.0,No Info,7670
Air India,2019-03-21,Delhi,Cochin,12:20:00,19:15:00,1855,2.0,No Info,10703
Air India,2019-04-03,Banglore,Delhi,10:00:00,12:45:00,165,0.0,No Info,5176
Indigo,2019-03-24,Chennai,Kolkata,19:35:00,21:55:00,140,0.0,No Info,7295
Jet Airways,2019-03-24,Banglore,New Delhi,22:50:00,12:15:00,805,1.0,In-flight meal not included,7832
Jet Airways,2019-06-12,Kolkata,Banglore,16:30:00,22:35:00,365,1.0,In-flight meal not included,9899
Jet Airways,2019-06-21,Banglore,Delhi,08:20:00,11:20:00,180,0.0,No Info,8016
Vistara,2019-04-03,Banglore,Delhi,09:45:00,12:35:00,170,0.0,No Info,5403
Air India,2019-05-01,Kolkata,Banglore,10:00:00,05:25:00,1165,2.0,No Info,13899
Air India,2019-05-15,Kolkata,Banglore,05:50:00,08:55:00,1625,2.0,No Info,12723
Air India,2019-06-18,Mumbai,Hyderabad,15:00:00,16:25:00,85,0.0,No Info,3100
Multiple Carriers,2019-05-27,Delhi,Cochin,17:30:00,01:30:00,480,1.0,No Info,13377
Indigo,2019-05-15,Delhi,Cochin,21:05:00,00:20:00,195,0.0,No Info,6834
Indigo,2019-06-27,Banglore,Delhi,08:30:00,11:20:00,170,0.0,No Info,4823
Indigo,2019-05-06,Kolkata,Banglore,17:35:00,22:15:00,280,1.0,No Info,5699
Jet Airways,2019-06-24,Delhi,Cochin,05:30:00,04:25:00,1375,2.0,No Info,13014
Jet Airways,2019-03-03,Banglore,New Delhi,05:45:00,05:05:00,1400,1.0,In-flight meal not included,11087
Indigo,2019-05-09,Chennai,Kolkata,07:55:00,10:15:00,140,0.0,No Info,3850
Air India,2019-03-03,Delhi,Cochin,17:15:00,19:15:00,1560,2.0,No Info,13442
Jet Airways,2019-05-21,Delhi,Cochin,19:30:00,04:25:00,535,2.0,In-flight meal not included,13029
Indigo,2019-06-12,Delhi,Cochin,14:25:00,17:40:00,195,0.0,No Info,5601
Air India,2019-05-21,Kolkata,Banglore,05:50:00,23:15:00,1045,2.0,No Info,13143
Multiple Carriers,2019-06-01,Delhi,Cochin,13:00:00,01:30:00,750,1.0,No Info,13377
Indigo,2019-03-03,Banglore,New Delhi,20:00:00,22:55:00,175,0.0,No Info,6860
Air India,2019-05-24,Delhi,Cochin,14:10:00,17:10:00,180,0.0,No Info,6934
Vistara,2019-03-06,Mumbai,Hyderabad,20:55:00,16:45:00,1190,1.0,No Info,12395
Air India,2019-03-24,Kolkata,Banglore,13:55:00,23:15:00,2000,2.0,No Info,15292
Jet Airways,2019-05-09,Delhi,Cochin,22:50:00,19:00:00,1210,1.0,In-flight meal not included,12373
Indigo,2019-06-06,Delhi,Cochin,14:20:00,22:30:00,490,1.0,No Info,6938
Indigo,2019-05-15,Banglore,Delhi,00:30:00,03:25:00,175,0.0,No Info,3419
Jet Airways,2019-05-24,Mumbai,Hyderabad,07:05:00,08:30:00,85,0.0,No Info,8040
Spicejet,2019-05-21,Kolkata,Banglore,06:55:00,09:30:00,155,0.0,No check-in baggage included,3841
Air India,2019-03-15,Banglore,New Delhi,11:50:00,08:55:00,1265,1.0,No Info,5932
Jet Airways,2019-05-18,Banglore,Delhi,08:20:00,11:20:00,180,0.0,No Info,7229
Vistara,2019-06-24,Banglore,Delhi,21:00:00,23:50:00,170,0.0,No Info,4668
Jet Airways,2019-06-09,Delhi,Cochin,19:30:00,04:25:00,535,2.0,No Info,13014
Air India,2019-06-24,Delhi,Cochin,18:05:00,21:10:00,185,0.0,No Info,5201
Air India,2019-06-06,Kolkata,Banglore,16:50:00,05:35:00,765,2.0,No Info,11432
Jet Airways,2019-04-01,Kolkata,Banglore,06:30:00,18:15:00,705,1.0,In-flight meal not included,7064
Air India,2019-03-01,Banglore,New Delhi,10:30:00,21:25:00,655,2.0,No Info,11213
Jet Airways,2019-04-03,Banglore,Delhi,15:15:00,18:10:00,175,0.0,In-flight meal not included,4544
Indigo,2019-05-06,Banglore,Delhi,10:10:00,13:00:00,170,0.0,No Info,3943
Jet Airways,2019-03-15,Banglore,New Delhi,05:45:00,13:15:00,450,1.0,In-flight meal not included,9134
Air India,2019-05-06,Kolkata,Banglore,17:30:00,08:55:00,925,1.0,No Info,10203
Spicejet,2019-05-01,Chennai,Kolkata,09:45:00,12:00:00,135,0.0,No Info,3597
Jet Airways,2019-05-18,Delhi,Cochin,22:50:00,19:00:00,1210,1.0,No Info,15554
Spicejet,2019-06-15,Kolkata,Banglore,14:55:00,17:25:00,150,0.0,No Info,3873
Jet Airways,2019-06-06,Kolkata,Banglore,06:30:00,16:20:00,590,1.0,No Info,14571
Air Asia,2019-05-15,Kolkata,Banglore,19:55:00,22:25:00,150,0.0,No Info,4409
Indigo,2019-05-24,Chennai,Kolkata,14:45:00,17:05:00,140,0.0,No Info,3858
Indigo,2019-04-24,Delhi,Cochin,02:00:00,07:45:00,345,1.0,No Info,5241
Air Asia,2019-06-27,Delhi,Cochin,07:55:00,13:25:00,330,1.0,No Info,6152
Jet Airways,2019-06-09,Delhi,Cochin,18:25:00,12:35:00,1090,2.0,No Info,14237
Air India,2019-04-21,Delhi,Cochin,20:30:00,23:00:00,1590,1.0,No Info,7174
Vistara,2019-06-12,Chennai,Kolkata,07:05:00,09:20:00,135,0.0,No Info,3687
Goair,2019-03-24,Banglore,New Delhi,07:45:00,10:40:00,175,0.0,No Info,5048
Multiple Carriers,2019-03-06,Delhi,Cochin,09:45:00,22:20:00,755,1.0,No Info,10276
Jet Airways,2019-05-27,Delhi,Cochin,05:30:00,19:00:00,810,2.0,In-flight meal not included,13029
Spicejet,2019-05-01,Kolkata,Banglore,15:55:00,21:25:00,330,1.0,No Info,8844
Jet Airways,2019-03-27,Delhi,Cochin,11:30:00,18:50:00,440,1.0,In-flight meal not included,6017
Jet Airways,2019-03-06,Mumbai,Hyderabad,20:45:00,16:50:00,1205,1.0,No Info,19595
Indigo,2019-04-01,Kolkata,Banglore,04:40:00,07:15:00,155,0.0,No Info,4174
Indigo,2019-03-27,Delhi,Cochin,16:10:00,22:20:00,370,1.0,No Info,6412
Indigo,2019-03-27,Delhi,Cochin,04:55:00,12:00:00,425,1.0,No Info,6171
Goair,2019-06-12,Banglore,Delhi,07:45:00,10:40:00,175,0.0,No Info,3419
Multiple Carriers,2019-06-15,Delhi,Cochin,18:00:00,01:30:00,450,1.0,No Info,7408
Jet Airways,2019-05-27,Delhi,Cochin,10:00:00,19:00:00,540,1.0,No Info,16079
Air India,2019-03-03,Banglore,New Delhi,08:15:00,08:50:00,1475,1.0,No Info,6781
Jet Airways,2019-03-27,Delhi,Cochin,07:05:00,18:50:00,705,1.0,No Info,12032
Indigo,2019-05-27,Banglore,Delhi,20:00:00,22:50:00,170,0.0,No Info,4823
Spicejet,2019-03-24,Banglore,New Delhi,09:35:00,12:30:00,175,0.0,No Info,6309
Air Asia,2019-03-09,Banglore,New Delhi,23:25:00,02:10:00,165,0.0,No Info,4482
Indigo,2019-04-21,Delhi,Cochin,02:00:00,07:25:00,325,1.0,No Info,5636
Indigo,2019-05-15,Kolkata,Banglore,07:10:00,12:40:00,330,1.0,No Info,4864
Vistara,2019-05-24,Banglore,Delhi,07:00:00,09:40:00,160,0.0,No Info,4668
Air India,2019-05-09,Kolkata,Banglore,08:20:00,07:55:00,1415,2.0,No Info,10697
Air India,2019-05-01,Kolkata,Banglore,09:50:00,23:15:00,805,2.0,No Info,13227
Air India,2019-05-18,Delhi,Cochin,10:55:00,19:15:00,500,2.0,No Info,13486
Jet Airways,2019-05-09,Delhi,Cochin,13:25:00,12:35:00,1390,2.0,No Info,15129
Jet Airways,2019-05-09,Kolkata,Banglore,20:25:00,18:00:00,1295,1.0,No Info,11467
Indigo,2019-03-18,Kolkata,Banglore,10:10:00,12:55:00,165,0.0,No Info,4462
Indigo,2019-06-01,Delhi,Cochin,07:35:00,12:10:00,275,1.0,No Info,5054
Multiple Carriers,2019-05-15,Delhi,Cochin,19:00:00,01:30:00,390,1.0,No Info,8073
Indigo,2019-06-01,Delhi,Cochin,05:10:00,10:05:00,295,1.0,No Info,6842
Indigo,2019-03-18,Chennai,Kolkata,11:35:00,14:00:00,145,0.0,No Info,3858
Multiple Carriers,2019-06-12,Delhi,Cochin,16:00:00,01:30:00,570,1.0,No Info,13377
Jet Airways,2019-06-06,Delhi,Cochin,17:30:00,04:25:00,655,1.0,In-flight meal not included,10262
Multiple Carriers,2019-03-21,Delhi,Cochin,06:40:00,18:50:00,730,1.0,No Info,13568
Air Asia,2019-05-21,Kolkata,Banglore,22:50:00,01:20:00,150,0.0,No Info,4107
Goair,2019-05-01,Banglore,Delhi,20:55:00,23:40:00,165,0.0,No Info,3898
Multiple Carriers,2019-06-01,Delhi,Cochin,04:55:00,12:35:00,460,1.0,No Info,11098
Vistara,2019-06-09,Kolkata,Banglore,20:20:00,18:50:00,1350,1.0,No Info,8610
Indigo,2019-05-03,Mumbai,Hyderabad,09:10:00,10:40:00,90,0.0,No Info,5755
Air India,2019-06-06,Delhi,Cochin,10:55:00,19:15:00,500,2.0,No Info,11753
Air India,2019-04-27,Banglore,Delhi,13:20:00,16:10:00,170,0.0,No Info,5228
Multiple Carriers,2019-05-27,Delhi,Cochin,11:30:00,21:00:00,570,1.0,No Info,13587
Indigo,2019-03-06,Delhi,Cochin,07:35:00,16:10:00,515,1.0,No Info,7094
Indigo,2019-03-06,Delhi,Cochin,05:05:00,10:05:00,300,1.0,No Info,7894
Jet Airways,2019-06-21,Banglore,Delhi,11:10:00,14:05:00,175,0.0,In-flight meal not included,5769
Multiple Carriers,2019-06-24,Delhi,Cochin,07:30:00,19:15:00,705,1.0,No Info,7354
Jet Airways,2019-06-15,Delhi,Cochin,02:15:00,12:35:00,620,1.0,In-flight meal not included,10262
Air India,2019-06-24,Delhi,Cochin,05:15:00,07:40:00,1585,3.0,No Info,10493
Indigo,2019-04-09,Delhi,Cochin,06:40:00,21:00:00,860,1.0,No Info,6093
Jet Airways,2019-06-24,Banglore,Delhi,15:15:00,18:10:00,175,0.0,No Info,8016
Spicejet,2019-04-27,Delhi,Cochin,17:55:00,22:50:00,295,1.0,No Info,4957
Jet Airways,2019-03-18,Banglore,New Delhi,05:45:00,15:15:00,570,1.0,No Info,12284
Air India,2019-06-18,Mumbai,Hyderabad,19:30:00,20:45:00,75,0.0,No Info,3100
Air India,2019-05-12,Kolkata,Banglore,20:30:00,16:15:00,1185,1.0,No Info,10203
Jet Airways,2019-05-18,Kolkata,Banglore,05:45:00,12:00:00,375,1.0,No Info,13941
Air India,2019-05-15,Delhi,Cochin,17:15:00,19:15:00,1560,2.0,No Info,13022
Jet Airways,2019-05-09,Mumbai,Hyderabad,10:20:00,11:50:00,90,0.0,In-flight meal not included,4995
Jet Airways,2019-06-06,Kolkata,Banglore,06:30:00,23:35:00,1025,1.0,No Info,14571
Spicejet,2019-05-18,Kolkata,Banglore,17:10:00,19:40:00,150,0.0,No check-in baggage included,3841
Goair,2019-06-24,Delhi,Cochin,10:35:00,19:35:00,540,1.0,No Info,3876
Jet Airways,2019-03-06,Banglore,New Delhi,14:05:00,19:10:00,305,1.0,No Info,19225
Jet Airways,2019-03-01,Banglore,New Delhi,05:45:00,21:20:00,935,1.0,No Info,27992
Air India,2019-06-18,Delhi,Cochin,05:10:00,08:00:00,170,0.0,No Info,5201
Indigo,2019-03-27,Delhi,Cochin,10:45:00,21:00:00,615,1.0,No Info,6838
Jet Airways,2019-06-03,Delhi,Cochin,20:55:00,19:00:00,1325,1.0,No Info,14714
Goair,2019-05-03,Banglore,Delhi,07:45:00,10:40:00,175,0.0,No Info,3898
Jet Airways,2019-05-24,Kolkata,Banglore,20:00:00,09:20:00,800,1.0,In-flight meal not included,10844
Jet Airways,2019-03-06,Banglore,New Delhi,05:45:00,05:05:00,1400,1.0,No Info,13555
Jet Airways,2019-03-27,Delhi,Cochin,23:05:00,19:45:00,1240,1.0,In-flight meal not included,7438
Jet Airways,2019-05-09,Delhi,Cochin,07:05:00,12:35:00,330,1.0,In-flight meal not included,12373
Indigo,2019-05-09,Delhi,Cochin,06:50:00,22:30:00,940,1.0,No Info,6734
Jet Airways,2019-05-18,Banglore,Delhi,17:45:00,20:45:00,180,0.0,No Info,7229
Jet Airways,2019-03-06,Delhi,Cochin,23:05:00,04:25:00,320,1.0,No Info,15764
Spicejet,2019-04-03,Delhi,Cochin,17:55:00,22:50:00,295,1.0,No Info,4611
Jet Airways,2019-05-21,Delhi,Cochin,20:55:00,12:35:00,940,1.0,In-flight meal not included,12898
Indigo,2019-06-01,Kolkata,Banglore,09:35:00,12:10:00,155,0.0,No Info,4804
Jet Airways,2019-06-03,Delhi,Cochin,18:15:00,19:00:00,1485,1.0,In-flight meal not included,10262
Indigo,2019-03-27,Chennai,Kolkata,05:15:00,07:35:00,140,0.0,No Info,4326
Air India,2019-04-18,Kolkata,Banglore,14:15:00,16:45:00,150,0.0,No Info,5510
Indigo,2019-04-01,Kolkata,Banglore,11:30:00,14:05:00,155,0.0,No Info,4174
Jet Airways,2019-05-24,Delhi,Cochin,23:05:00,19:00:00,1195,2.0,No Info,15129
Jet Airways,2019-06-12,Kolkata,Banglore,16:30:00,12:00:00,1170,1.0,No Info,13044
Indigo,2019-05-15,Kolkata,Banglore,22:15:00,00:50:00,155,0.0,No Info,4804
Jet Airways,2019-04-06,Delhi,Cochin,11:30:00,12:35:00,1505,1.0,In-flight meal not included,5177
Spicejet,2019-06-03,Chennai,Kolkata,17:45:00,20:05:00,140,0.0,No Info,3597
Jet Airways,2019-05-18,Delhi,Cochin,22:50:00,04:25:00,335,1.0,No Info,15554
Jet Airways,2019-04-03,Delhi,Cochin,14:00:00,12:35:00,1355,1.0,In-flight meal not included,5177
Jet Airways,2019-05-06,Delhi,Cochin,22:50:00,12:35:00,825,1.0,No Info,15554
Multiple Carriers,2019-06-01,Delhi,Cochin,09:00:00,21:00:00,720,1.0,No Info,7933
Jet Airways,2019-05-09,Delhi,Cochin,23:05:00,19:00:00,1195,2.0,No Info,15129
Jet Airways,2019-03-12,Banglore,New Delhi,18:55:00,11:25:00,990,1.0,In-flight meal not included,11087
Jet Airways,2019-04-09,Delhi,Cochin,22:50:00,12:35:00,825,1.0,No Info,11822
Jet Airways,2019-03-21,Banglore,New Delhi,14:05:00,11:25:00,1280,1.0,In-flight meal not included,7832
Air Asia,2019-06-15,Kolkata,Banglore,22:50:00,01:20:00,150,0.0,No Info,3807
Jet Airways,2019-05-21,Kolkata,Banglore,20:00:00,16:20:00,1220,1.0,In-flight meal not included,10844
Air India,2019-03-15,Banglore,New Delhi,11:50:00,11:35:00,1425,1.0,No Info,6982
Air India,2019-03-09,Delhi,Cochin,07:05:00,19:15:00,2170,2.0,No Info,11762
Goair,2019-05-27,Delhi,Cochin,07:25:00,13:35:00,370,1.0,No Info,6841
Jet Airways,2019-06-21,Banglore,Delhi,11:10:00,14:05:00,175,0.0,No Info,8016
Jet Airways,2019-03-03,Mumbai,Hyderabad,07:10:00,08:35:00,85,0.0,No Info,5678
Jet Airways,2019-03-15,Banglore,New Delhi,05:45:00,12:25:00,400,1.0,In-flight meal not included,9134
Indigo,2019-06-09,Delhi,Cochin,05:35:00,08:50:00,195,0.0,No Info,5601
Air India,2019-03-24,Banglore,New Delhi,17:00:00,19:45:00,165,0.0,No Info,5176
Multiple Carriers,2019-06-15,Delhi,Cochin,04:55:00,12:35:00,460,1.0,No Info,10678
Jet Airways,2019-03-12,Banglore,New Delhi,18:55:00,19:10:00,1455,1.0,In-flight meal not included,11087
Indigo,2019-03-27,Mumbai,Hyderabad,20:05:00,21:35:00,90,0.0,No Info,2227
Jet Airways,2019-05-21,Kolkata,Banglore,09:35:00,19:10:00,575,1.0,No Info,13067
Air India,2019-06-12,Banglore,Delhi,21:05:00,23:55:00,170,0.0,No Info,5228
Jet Airways,2019-05-21,Delhi,Cochin,09:00:00,19:00:00,600,1.0,No Info,16079
Jet Airways,2019-06-09,Kolkata,Banglore,14:05:00,20:45:00,400,1.0,In-flight meal not included,10844
Jet Airways,2019-04-01,Delhi,Cochin,18:15:00,19:00:00,1485,1.0,In-flight meal not included,5406
Jet Airways,2019-06-06,Kolkata,Banglore,20:00:00,22:35:00,1595,1.0,In-flight meal not included,10844
Indigo,2019-05-18,Chennai,Kolkata,14:45:00,17:05:00,140,0.0,No Info,3858
Jet Airways,2019-04-27,Banglore,Delhi,17:45:00,20:45:00,180,0.0,In-flight meal not included,4544
Jet Airways,2019-05-21,Kolkata,Banglore,21:10:00,22:35:00,1525,1.0,In-flight meal not included,10844
Indigo,2019-03-03,Mumbai,Hyderabad,09:10:00,10:40:00,90,0.0,No Info,5755
Jet Airways,2019-05-18,Kolkata,Banglore,16:30:00,12:00:00,1170,1.0,In-flight meal not included,10844
Vistara,2019-05-06,Kolkata,Banglore,20:20:00,10:45:00,865,1.0,No Info,8662
Spicejet,2019-03-21,Kolkata,Banglore,09:00:00,11:30:00,150,0.0,No Info,4148
Indigo,2019-03-21,Mumbai,Hyderabad,09:10:00,10:35:00,85,0.0,No Info,4049
Jet Airways,2019-05-12,Kolkata,Banglore,18:55:00,04:40:00,585,1.0,No Info,14388
Jet Airways,2019-04-09,Delhi,Cochin,09:25:00,04:25:00,1140,2.0,No Info,11546
Spicejet,2019-04-01,Delhi,Cochin,17:55:00,22:50:00,295,1.0,No Info,4957
Jet Airways,2019-06-12,Delhi,Cochin,11:45:00,12:35:00,1490,2.0,No Info,13882
Indigo,2019-05-18,Delhi,Cochin,05:35:00,08:50:00,195,0.0,No Info,6015
Spicejet,2019-06-06,Delhi,Cochin,15:45:00,22:05:00,380,1.0,No Info,5583
Vistara,2019-05-01,Banglore,Delhi,11:30:00,14:20:00,170,0.0,No Info,4668
Jet Airways,2019-05-27,Delhi,Cochin,09:40:00,12:35:00,1615,2.0,No Info,15129
Indigo,2019-04-24,Kolkata,Banglore,14:25:00,16:55:00,150,0.0,No Info,4804
Multiple Carriers,2019-03-21,Delhi,Cochin,08:00:00,19:15:00,675,1.0,No Info,13378
Multiple Carriers,2019-06-06,Delhi,Cochin,07:00:00,21:00:00,840,1.0,No Info,7408
Indigo,2019-06-12,Kolkata,Banglore,17:15:00,19:50:00,155,0.0,No Info,4804
Multiple Carriers,2019-06-15,Delhi,Cochin,08:30:00,19:00:00,630,1.0,No Info,11200
Jet Airways,2019-04-12,Banglore,Delhi,07:10:00,10:10:00,180,0.0,In-flight meal not included,5198
Spicejet,2019-05-21,Kolkata,Banglore,17:10:00,19:40:00,150,0.0,No check-in baggage included,3841
Indigo,2019-03-27,Delhi,Cochin,04:45:00,13:20:00,515,1.0,No Info,7048
Jet Airways,2019-05-27,Delhi,Cochin,11:00:00,14:15:00,195,0.0,In-flight meal not included,7989
Multiple Carriers,2019-03-27,Delhi,Cochin,04:45:00,19:15:00,870,1.0,No Info,7574
Multiple Carriers,2019-06-24,Delhi,Cochin,07:00:00,21:00:00,840,1.0,No Info,7618
Air India,2019-05-06,Kolkata,Banglore,10:00:00,10:00:00,1440,2.0,No Info,14298
Multiple Carriers,2019-06-09,Delhi,Cochin,14:00:00,21:00:00,420,1.0,No Info,13587
Air India,2019-05-24,Kolkata,Banglore,12:00:00,21:50:00,590,2.0,No Info,9941
Air India,2019-05-01,Delhi,Cochin,17:15:00,09:25:00,970,2.0,No Info,8839
Jet Airways,2019-03-24,Kolkata,Banglore,16:55:00,16:20:00,1405,1.0,No Info,14231
Jet Airways,2019-03-12,Banglore,New Delhi,08:55:00,21:20:00,745,1.0,No Info,13817
Jet Airways,2019-05-21,Delhi,Cochin,20:55:00,04:25:00,450,1.0,No Info,16079
Jet Airways,2019-05-09,Kolkata,Banglore,20:25:00,23:35:00,1630,1.0,No Info,13067
Jet Airways,2019-04-21,Banglore,Delhi,07:10:00,10:10:00,180,0.0,In-flight meal not included,6144
Jet Airways,2019-06-06,Kolkata,Banglore,20:00:00,16:20:00,1220,1.0,In-flight meal not included,10844
Jet Airways,2019-06-09,Kolkata,Banglore,10:20:00,17:35:00,435,1.0,No Info,8355
Jet Airways,2019-05-18,Kolkata,Banglore,14:05:00,22:35:00,510,1.0,No Info,14781
Jet Airways,2019-05-21,Kolkata,Banglore,20:00:00,12:00:00,960,1.0,In-flight meal not included,10844
Air India,2019-05-15,Delhi,Cochin,18:45:00,19:15:00,1470,2.0,No Info,13307
Air India,2019-05-09,Banglore,Delhi,10:00:00,12:45:00,165,0.0,No Info,5228
Air India,2019-03-27,Delhi,Cochin,05:00:00,19:15:00,2295,2.0,No Info,8026
Multiple Carriers,2019-05-27,Delhi,Cochin,14:55:00,22:30:00,455,1.0,No Info,7038
Air India,2019-05-15,Kolkata,Banglore,16:45:00,12:30:00,1185,2.0,No Info,14960
Jet Airways,2019-06-01,Delhi,Cochin,14:35:00,12:35:00,1320,2.0,In-flight meal not included,10919
Jet Airways,2019-06-03,Delhi,Cochin,21:50:00,04:25:00,395,1.0,No Info,16079
Air India,2019-06-01,Delhi,Cochin,12:30:00,09:25:00,1255,1.0,No Info,7480
Jet Airways,2019-05-15,Mumbai,Hyderabad,10:20:00,11:50:00,90,0.0,In-flight meal not included,4995
Air India,2019-03-06,Banglore,New Delhi,06:45:00,12:15:00,330,1.0,No Info,13912
Jet Airways,2019-06-01,Delhi,Cochin,05:30:00,19:00:00,810,2.0,In-flight meal not included,10368
Spicejet,2019-04-15,Banglore,Delhi,09:30:00,12:20:00,170,0.0,No Info,4423
Air India,2019-03-06,Delhi,Cochin,07:05:00,09:25:00,1580,2.0,No Info,9190
Indigo,2019-06-27,Chennai,Kolkata,11:35:00,14:00:00,145,0.0,No Info,3858
Jet Airways,2019-05-09,Kolkata,Banglore,17:00:00,10:55:00,1075,1.0,In-flight meal not included,8066
Multiple Carriers,2019-06-15,Delhi,Cochin,07:30:00,19:00:00,690,1.0,No Info,10877
Indigo,2019-05-09,Delhi,Cochin,11:25:00,01:30:00,845,1.0,No Info,8330
Jet Airways,2019-06-06,Delhi,Cochin,21:50:00,04:25:00,395,1.0,No Info,14714
Jet Airways,2019-04-01,Delhi,Cochin,09:00:00,12:35:00,1655,1.0,In-flight meal not included,5406
Indigo,2019-03-09,Mumbai,Hyderabad,02:30:00,04:00:00,90,0.0,No Info,4784
Indigo,2019-03-03,Banglore,New Delhi,20:00:00,22:55:00,175,0.0,No Info,7303
Indigo,2019-03-27,Mumbai,Hyderabad,09:10:00,10:40:00,90,0.0,No Info,4392
Vistara,2019-05-12,Chennai,Kolkata,17:45:00,20:05:00,140,0.0,No Info,11982
Jet Airways,2019-06-06,Kolkata,Banglore,18:55:00,08:15:00,800,1.0,No Info,14571
Multiple Carriers,2019-06-06,Delhi,Cochin,07:30:00,19:15:00,705,1.0,No Info,7354
Spicejet,2019-04-01,Kolkata,Banglore,15:55:00,21:25:00,330,1.0,No Info,7646
Jet Airways,2019-03-06,Mumbai,Hyderabad,14:20:00,16:50:00,1590,2.0,No Info,24115
Indigo,2019-06-12,Delhi,Cochin,10:35:00,01:30:00,895,1.0,No Info,5883
Indigo,2019-06-06,Banglore,Delhi,04:00:00,06:50:00,170,0.0,No Info,3943
Goair,2019-03-06,Delhi,Cochin,14:10:00,19:20:00,310,1.0,No Info,19495
Air India,2019-03-18,Banglore,New Delhi,06:45:00,16:20:00,575,2.0,No Info,12935
Air India,2019-03-01,Banglore,New Delhi,08:50:00,23:55:00,905,2.0,No Info,17345
Jet Airways,2019-04-01,Kolkata,Banglore,08:25:00,16:20:00,475,1.0,In-flight meal not included,7851
Indigo,2019-05-06,Kolkata,Banglore,08:10:00,13:00:00,290,1.0,No Info,5069
Air India,2019-05-18,Kolkata,Banglore,19:00:00,11:05:00,965,1.0,No Info,6327
Air India,2019-04-09,Kolkata,Banglore,19:00:00,11:05:00,965,1.0,No Info,4647
Indigo,2019-03-27,Delhi,Cochin,05:05:00,10:05:00,300,1.0,No Info,6827
Air India,2019-05-12,Delhi,Cochin,18:05:00,21:10:00,185,0.0,No Info,6304
Jet Airways,2019-06-09,Delhi,Cochin,13:00:00,12:35:00,1415,1.0,In-flight meal not included,10262
Jet Airways,2019-06-09,Delhi,Cochin,09:25:00,12:35:00,1630,2.0,No Info,13882
Multiple Carriers,2019-04-09,Delhi,Cochin,08:30:00,19:00:00,630,1.0,No Info,10877
Goair,2019-04-27,Banglore,Delhi,20:55:00,23:40:00,165,0.0,No Info,3898
Jet Airways,2019-06-03,Delhi,Cochin,09:00:00,12:35:00,1655,1.0,In-flight meal not included,10262
Multiple Carriers,2019-05-15,Delhi,Cochin,14:55:00,22:30:00,455,1.0,No Info,6513
Indigo,2019-06-24,Delhi,Cochin,02:00:00,07:45:00,345,1.0,No Info,6016
Air India,2019-03-03,Banglore,New Delhi,11:05:00,22:45:00,700,1.0,No Info,11444
Jet Airways,2019-06-06,Delhi,Cochin,19:15:00,19:00:00,1425,1.0,No Info,14714
Indigo,2019-06-24,Delhi,Cochin,05:10:00,10:05:00,295,1.0,No Info,6496
Indigo,2019-03-24,Banglore,New Delhi,18:25:00,21:20:00,175,0.0,No Info,7303
Spicejet,2019-03-18,Mumbai,Hyderabad,13:10:00,14:30:00,80,0.0,No Info,2437
Air India,2019-05-21,Kolkata,Banglore,12:00:00,21:50:00,590,2.0,No Info,10151
Vistara,2019-06-12,Kolkata,Banglore,20:20:00,20:20:00,1440,1.0,No Info,8085
Indigo,2019-03-24,Banglore,New Delhi,07:10:00,10:05:00,175,0.0,No Info,6144
Air India,2019-05-15,Kolkata,Banglore,09:10:00,11:05:00,1555,2.0,No Info,6117
Indigo,2019-04-03,Banglore,Delhi,16:55:00,19:55:00,180,0.0,No Info,4823
Goair,2019-05-12,Kolkata,Banglore,16:40:00,00:15:00,455,1.0,No Info,8855
Multiple Carriers,2019-06-12,Delhi,Cochin,11:30:00,21:00:00,570,1.0,No Info,13587
Jet Airways,2019-05-01,Delhi,Cochin,09:40:00,12:35:00,1615,2.0,No Info,15129
Jet Airways,2019-06-27,Delhi,Cochin,13:00:00,12:35:00,1415,1.0,In-flight meal not included,10262
Air India,2019-06-06,Delhi,Cochin,10:55:00,07:40:00,1245,2.0,No Info,11753
Air India,2019-06-03,Delhi,Cochin,13:20:00,07:40:00,1100,2.0,No Info,11911
Jet Airways,2019-05-09,Banglore,Delhi,15:15:00,18:10:00,175,0.0,In-flight meal not included,4544
Spicejet,2019-04-03,Banglore,Delhi,21:10:00,00:05:00,175,0.0,No Info,3971
Jet Airways,2019-06-09,Kolkata,Banglore,16:30:00,04:40:00,730,1.0,No Info,13731
Indigo,2019-06-01,Chennai,Kolkata,13:15:00,15:35:00,140,0.0,No Info,3597
Jet Airways,2019-03-06,Banglore,New Delhi,14:05:00,08:15:00,1090,1.0,No Info,14815
Vistara,2019-03-24,Chennai,Kolkata,07:05:00,09:20:00,135,0.0,No Info,4842
Jet Airways,2019-03-01,Banglore,New Delhi,08:00:00,16:10:00,490,1.0,No Info,22270
Air Asia,2019-05-12,Banglore,Delhi,23:55:00,02:45:00,170,0.0,No Info,4483
Multiple Carriers,2019-06-01,Delhi,Cochin,17:50:00,01:30:00,460,2.0,No Info,18485
Indigo,2019-03-18,Banglore,New Delhi,16:15:00,20:35:00,260,1.0,No Info,4437
Jet Airways,2019-04-01,Kolkata,Banglore,20:00:00,22:35:00,1595,1.0,In-flight meal not included,7064
Jet Airways,2019-04-01,Kolkata,Banglore,20:00:00,18:15:00,1335,1.0,No Info,12681
Goair,2019-05-09,Kolkata,Banglore,16:40:00,00:15:00,455,1.0,No Info,8777
Indigo,2019-05-03,Mumbai,Hyderabad,06:25:00,07:55:00,90,0.0,No Info,4049
Air India,2019-03-15,Banglore,New Delhi,08:15:00,08:50:00,1475,1.0,No Info,5521
Air Asia,2019-05-01,Kolkata,Banglore,22:50:00,01:20:00,150,0.0,No Info,4409
Jet Airways,2019-06-09,Delhi,Cochin,21:50:00,19:00:00,1270,1.0,In-flight meal not included,10262
Multiple Carriers,2019-05-27,Delhi,Cochin,11:30:00,01:30:00,840,1.0,In-flight meal not included,6733
Air Asia,2019-04-27,Kolkata,Banglore,22:50:00,01:20:00,150,0.0,No Info,4409
Multiple Carriers,2019-05-21,Delhi,Cochin,12:50:00,19:15:00,385,1.0,No Info,8266
Multiple Carriers,2019-06-03,Delhi,Cochin,07:30:00,19:15:00,705,1.0,No Info,9736
Indigo,2019-05-15,Delhi,Cochin,15:10:00,20:00:00,290,1.0,No Info,6027
Jet Airways,2019-05-18,Kolkata,Banglore,20:25:00,19:10:00,1365,1.0,No Info,14151
Jet Airways,2019-05-21,Delhi,Cochin,14:00:00,12:35:00,1355,1.0,In-flight meal not included,12898
Indigo,2019-06-24,Mumbai,Hyderabad,06:25:00,07:55:00,90,0.0,No Info,4049
Air India,2019-06-27,Delhi,Cochin,13:15:00,09:25:00,1210,2.0,No Info,8839
Indigo,2019-04-24,Delhi,Cochin,05:05:00,16:10:00,665,1.0,No Info,6171
Air India,2019-03-15,Mumbai,Hyderabad,19:30:00,20:45:00,75,0.0,No Info,3100
Air Asia,2019-05-15,Delhi,Cochin,16:45:00,22:25:00,340,1.0,No Info,6752
Jet Airways,2019-06-15,Delhi,Cochin,10:00:00,19:00:00,540,1.0,No Info,14714
Jet Airways,2019-06-24,Delhi,Cochin,09:00:00,04:25:00,1165,1.0,In-flight meal not included,10262
Indigo,2019-05-09,Delhi,Cochin,17:30:00,01:30:00,480,1.0,No Info,8330
Jet Airways,2019-03-24,Kolkata,Banglore,06:30:00,19:40:00,790,1.0,No Info,13339
Vistara,2019-06-21,Delhi,Cochin,14:40:00,17:50:00,190,0.0,No Info,6216
Jet Airways,2019-05-06,Kolkata,Banglore,17:00:00,18:00:00,1500,1.0,No Info,11467
Indigo,2019-06-09,Chennai,Kolkata,14:45:00,17:05:00,140,0.0,No Info,3597
Indigo,2019-04-15,Banglore,Delhi,18:55:00,21:50:00,175,0.0,No Info,4823
Air India,2019-06-01,Delhi,Cochin,05:10:00,08:00:00,170,0.0,No Info,6094
Air India,2019-03-24,Banglore,New Delhi,06:10:00,08:55:00,165,0.0,No Info,4441
Indigo,2019-04-01,Mumbai,Hyderabad,02:35:00,04:05:00,90,0.0,No Info,2754
Jet Airways,2019-03-18,Banglore,New Delhi,11:40:00,09:30:00,1310,1.0,In-flight meal not included,11087
Multiple Carriers,2019-06-09,Delhi,Cochin,14:55:00,22:30:00,455,1.0,No Info,6723
Jet Airways,2019-06-24,Delhi,Cochin,15:00:00,04:25:00,805,1.0,In-flight meal not included,10262
Jet Airways,2019-05-09,Delhi,Cochin,02:15:00,12:35:00,620,1.0,No Info,15851
Vistara,2019-05-15,Banglore,Delhi,19:30:00,22:15:00,165,0.0,No Info,4878
Air India,2019-03-24,Kolkata,Banglore,20:30:00,12:30:00,960,1.0,No Info,12173
Jet Airways,2019-03-18,Banglore,New Delhi,14:05:00,05:05:00,900,1.0,No Info,13555
Multiple Carriers,2019-05-27,Delhi,Cochin,13:00:00,21:00:00,480,1.0,No Info,13587
Jet Airways,2019-06-12,Kolkata,Banglore,18:55:00,12:00:00,1025,1.0,No Info,13044
Air India,2019-03-15,Banglore,New Delhi,05:50:00,23:45:00,1075,2.0,No Info,7664
Air India,2019-05-18,Kolkata,Banglore,05:50:00,12:30:00,1840,2.0,No Info,12723
Vistara,2019-03-18,Chennai,Kolkata,07:05:00,09:20:00,135,0.0,No Info,4842
Multiple Carriers,2019-06-03,Delhi,Cochin,10:00:00,21:00:00,660,1.0,No Info,9718
Jet Airways,2019-03-18,Banglore,New Delhi,22:50:00,05:05:00,375,1.0,No Info,54826
Spicejet,2019-05-18,Kolkata,Banglore,22:20:00,00:40:00,140,0.0,No Info,3873
Air India,2019-03-12,Banglore,New Delhi,08:50:00,23:25:00,875,2.0,No Info,13250
Jet Airways,2019-03-03,Banglore,New Delhi,08:00:00,05:05:00,1265,1.0,In-flight meal not included,13502
Jet Airways,2019-05-18,Delhi,Cochin,19:45:00,19:00:00,1395,1.0,No Info,15554
Indigo,2019-06-27,Banglore,Delhi,00:25:00,03:15:00,170,0.0,No Info,3419
Jet Airways,2019-05-09,Kolkata,Banglore,20:00:00,10:05:00,845,1.0,No Info,13584
Jet Airways,2019-03-06,Banglore,New Delhi,11:40:00,05:05:00,1045,1.0,No Info,16736
Jet Airways,2019-03-24,Kolkata,Banglore,19:45:00,19:40:00,1435,1.0,No Info,13759
Jet Airways,2019-06-27,Delhi,Cochin,07:05:00,19:00:00,715,1.0,In-flight meal not included,10262
Indigo,2019-05-01,Delhi,Cochin,21:50:00,03:35:00,345,1.0,No Info,6349
Air India,2019-05-15,Chennai,Kolkata,11:40:00,13:55:00,135,0.0,No Info,4667
Jet Airways,2019-03-21,Banglore,New Delhi,14:05:00,07:40:00,1055,1.0,In-flight meal not included,7832
Spicejet,2019-06-27,Kolkata,Banglore,09:00:00,11:25:00,145,0.0,No Info,3873
Jet Airways,2019-05-06,Kolkata,Banglore,14:05:00,23:35:00,570,1.0,In-flight meal not included,11841
Jet Airways,2019-05-24,Kolkata,Banglore,20:25:00,18:00:00,1295,1.0,No Info,14151
Indigo,2019-06-06,Mumbai,Hyderabad,06:25:00,07:55:00,90,0.0,No Info,4049
Multiple Carriers,2019-05-18,Delhi,Cochin,11:30:00,01:30:00,840,1.0,No Info,13727
Air India,2019-03-21,Delhi,Cochin,12:30:00,09:25:00,1255,1.0,No Info,6482
Spicejet,2019-03-27,Chennai,Kolkata,09:30:00,12:05:00,155,0.0,No Info,3384
Air India,2019-05-01,Kolkata,Banglore,14:35:00,14:35:00,1440,1.0,No Info,7001
Spicejet,2019-05-21,Delhi,Cochin,17:55:00,22:50:00,295,1.0,No Info,5975
Indigo,2019-03-01,Banglore,New Delhi,19:35:00,00:35:00,300,1.0,No Info,22153
Multiple Carriers,2019-06-27,Delhi,Cochin,19:00:00,01:30:00,390,1.0,No Info,7198
Jet Airways,2019-06-12,Delhi,Cochin,20:55:00,04:25:00,450,1.0,No Info,14714
Jet Airways,2019-06-15,Delhi,Cochin,14:35:00,12:35:00,1320,2.0,In-flight meal not included,10919
Jet Airways,2019-05-24,Kolkata,Banglore,20:25:00,14:25:00,1080,1.0,No Info,12121
Air India,2019-06-24,Kolkata,Banglore,14:15:00,16:45:00,150,0.0,No Info,5510
Jet Airways,2019-06-06,Kolkata,Banglore,21:10:00,04:40:00,450,1.0,No Info,13374
Spicejet,2019-06-21,Chennai,Kolkata,17:45:00,20:05:00,140,0.0,No check-in baggage included,3543
Jet Airways,2019-06-09,Kolkata,Banglore,14:05:00,19:50:00,345,1.0,In-flight meal not included,10844
Indigo,2019-06-09,Delhi,Cochin,05:05:00,16:10:00,665,1.0,No Info,6600
Spicejet,2019-05-12,Banglore,Delhi,09:30:00,12:20:00,170,0.0,No check-in baggage included,4319
Jet Airways,2019-03-06,Banglore,New Delhi,21:25:00,21:20:00,1435,1.0,No Info,17471
Indigo,2019-05-06,Kolkata,Banglore,09:20:00,14:15:00,295,1.0,No Info,11319
Jet Airways,2019-04-06,Delhi,Cochin,22:50:00,12:35:00,825,1.0,In-flight meal not included,5177
Air India,2019-05-09,Kolkata,Banglore,10:00:00,05:25:00,1165,2.0,No Info,14424
Jet Airways,2019-05-27,Delhi,Cochin,22:50:00,04:25:00,335,1.0,In-flight meal not included,12898
Air India,2019-05-09,Kolkata,Banglore,10:00:00,01:20:00,920,2.0,No Info,13033
Indigo,2019-06-18,Banglore,Delhi,04:00:00,06:50:00,170,0.0,No Info,3943
Air India,2019-06-12,Delhi,Cochin,17:15:00,09:25:00,970,2.0,No Info,9417
Jet Airways,2019-05-15,Kolkata,Banglore,09:35:00,21:05:00,690,1.0,In-flight meal not included,10703
Indigo,2019-04-06,Banglore,Delhi,20:00:00,22:50:00,170,0.0,No Info,4823
Multiple Carriers,2019-06-24,Delhi,Cochin,07:30:00,19:15:00,705,1.0,No Info,9001
Vistara,2019-04-01,Kolkata,Banglore,17:00:00,22:55:00,355,1.0,No Info,8977
Jet Airways,2019-03-21,Delhi,Cochin,02:15:00,04:25:00,1570,1.0,No Info,12719
Multiple Carriers,2019-06-06,Delhi,Cochin,09:00:00,19:00:00,600,1.0,No Info,12192
Indigo,2019-05-21,Delhi,Cochin,17:30:00,01:30:00,480,1.0,No Info,6794
Goair,2019-03-03,Banglore,New Delhi,07:45:00,10:40:00,175,0.0,No Info,7222
Jet Airways,2019-05-24,Kolkata,Banglore,08:25:00,19:50:00,685,1.0,In-flight meal not included,10844
Spicejet,2019-04-09,Delhi,Cochin,06:05:00,11:20:00,315,1.0,No Info,5351
Multiple Carriers,2019-06-24,Delhi,Cochin,10:35:00,19:15:00,520,1.0,No Info,7155
Jet Airways,2019-06-09,Delhi,Cochin,22:50:00,04:25:00,335,1.0,In-flight meal not included,10262
Indigo,2019-06-12,Kolkata,Banglore,07:10:00,12:40:00,330,1.0,No Info,4864
Indigo,2019-04-03,Banglore,Delhi,01:30:00,04:15:00,165,0.0,No Info,3419
Multiple Carriers,2019-06-12,Delhi,Cochin,10:20:00,19:00:00,520,1.0,No Info,11789
Jet Airways,2019-05-21,Banglore,Delhi,19:50:00,22:50:00,180,0.0,No Info,7229
Multiple Carriers,2019-05-09,Delhi,Cochin,07:00:00,19:00:00,720,1.0,No Info,10197
Air India,2019-06-09,Mumbai,Hyderabad,15:00:00,16:25:00,85,0.0,No Info,3100
Indigo,2019-03-09,Banglore,New Delhi,10:05:00,13:00:00,175,0.0,No Info,6860
Multiple Carriers,2019-05-21,Delhi,Cochin,13:00:00,01:30:00,750,1.0,No Info,7888
Indigo,2019-05-12,Mumbai,Hyderabad,12:00:00,13:30:00,90,0.0,No Info,2754
Jet Airways,2019-05-01,Kolkata,Banglore,09:35:00,09:45:00,1450,1.0,No Info,11467
Indigo,2019-06-18,Chennai,Kolkata,14:45:00,17:05:00,140,0.0,No Info,3597
Multiple Carriers,2019-06-06,Delhi,Cochin,15:05:00,01:30:00,625,2.0,No Info,15965
Indigo,2019-05-12,Banglore,Delhi,00:30:00,03:25:00,175,0.0,No Info,3943
Jet Airways,2019-03-24,Kolkata,Banglore,08:25:00,12:00:00,1655,1.0,In-flight meal not included,10031
Jet Airways,2019-03-21,Delhi,Cochin,13:55:00,18:50:00,1735,2.0,In-flight meal not included,8728
Multiple Carriers,2019-06-24,Delhi,Cochin,03:50:00,19:00:00,910,1.0,No Info,12192
Air India,2019-03-06,Delhi,Cochin,07:00:00,19:15:00,735,1.0,No Info,15809
Jet Airways,2019-03-12,Banglore,New Delhi,05:50:00,15:00:00,550,1.0,No Info,11297
Air Asia,2019-05-09,Kolkata,Banglore,07:35:00,23:30:00,955,1.0,No Info,5192
Jet Airways,2019-06-15,Banglore,Delhi,18:55:00,22:00:00,185,0.0,No Info,8016
Spicejet,2019-05-24,Kolkata,Banglore,08:35:00,17:15:00,520,1.0,No Info,6643
Jet Airways,2019-05-18,Delhi,Cochin,07:05:00,12:35:00,330,1.0,In-flight meal not included,12373
Spicejet,2019-03-18,Kolkata,Banglore,06:55:00,09:35:00,160,0.0,No Info,4465
Air India,2019-05-18,Kolkata,Banglore,09:25:00,17:20:00,1915,2.0,No Info,13616
Air India,2019-06-21,Banglore,Delhi,17:00:00,19:45:00,165,0.0,No Info,7171
Indigo,2019-04-15,Delhi,Cochin,14:25:00,17:40:00,195,0.0,No Info,6015
Goair,2019-04-03,Banglore,Delhi,20:55:00,23:40:00,165,0.0,No Info,4239
Indigo,2019-06-12,Kolkata,Banglore,04:40:00,07:15:00,155,0.0,No Info,4804
Jet Airways,2019-05-12,Kolkata,Banglore,20:00:00,09:20:00,800,1.0,In-flight meal not included,9663
Indigo,2019-06-18,Mumbai,Hyderabad,02:35:00,04:05:00,90,0.0,No Info,2754
Spicejet,2019-04-15,Delhi,Cochin,17:55:00,22:50:00,295,1.0,No Info,5221
Indigo,2019-03-09,Delhi,Cochin,06:40:00,21:00:00,860,1.0,No Info,12351
Jet Airways,2019-03-15,Banglore,New Delhi,11:40:00,08:15:00,1235,1.0,In-flight meal not included,9134
Vistara,2019-06-06,Kolkata,Banglore,17:00:00,10:45:00,1065,1.0,No Info,9187
Spicejet,2019-05-06,Banglore,Delhi,05:55:00,08:35:00,160,0.0,No Info,3311
Air India,2019-05-27,Banglore,Delhi,10:00:00,12:45:00,165,0.0,No Info,6961
Indigo,2019-06-18,Kolkata,Banglore,20:25:00,23:10:00,165,0.0,No Info,4804
Jet Airways,2019-05-18,Delhi,Cochin,20:55:00,04:25:00,450,1.0,In-flight meal not included,12373
Jet Airways,2019-06-01,Delhi,Cochin,22:50:00,04:25:00,335,1.0,In-flight meal not included,10262
Jet Airways,2019-04-21,Banglore,Delhi,18:55:00,22:00:00,185,0.0,No Info,7229
Vistara,2019-04-24,Banglore,Delhi,07:00:00,09:40:00,160,0.0,No Info,5403
Jet Airways,2019-05-01,Kolkata,Banglore,20:25:00,23:35:00,1630,1.0,No Info,11467
Indigo,2019-03-21,Banglore,New Delhi,10:10:00,13:00:00,170,0.0,No Info,4777
Indigo,2019-05-09,Mumbai,Hyderabad,19:05:00,20:35:00,90,0.0,No Info,4392
Air India,2019-06-09,Delhi,Cochin,05:55:00,07:40:00,1545,2.0,No Info,10493
Air India,2019-05-12,Banglore,Delhi,17:00:00,19:45:00,165,0.0,No Info,5438
Air India,2019-03-06,Mumbai,Hyderabad,13:30:00,16:55:00,205,2.0,No Info,18797
Jet Airways,2019-05-06,Kolkata,Banglore,16:30:00,16:20:00,1430,1.0,No Info,13941
Spicejet,2019-03-06,Delhi,Cochin,08:45:00,13:15:00,270,1.0,No Info,8488
Multiple Carriers,2019-03-21,Delhi,Cochin,14:00:00,01:35:00,695,1.0,No Info,13542
Multiple Carriers,2019-05-18,Delhi,Cochin,09:00:00,19:15:00,615,1.0,No Info,14533
Spicejet,2019-04-24,Delhi,Cochin,08:45:00,13:15:00,270,1.0,No Info,4812
Air India,2019-06-27,Delhi,Cochin,16:55:00,19:15:00,1580,2.0,No Info,13591
Indigo,2019-06-09,Chennai,Kolkata,05:15:00,07:40:00,145,0.0,No Info,3540
Jet Airways,2019-05-06,Kolkata,Banglore,16:30:00,04:40:00,730,1.0,In-flight meal not included,8586
Vistara,2019-04-27,Banglore,Delhi,21:00:00,23:50:00,170,0.0,No Info,5403
Vistara,2019-05-24,Banglore,Delhi,11:30:00,14:20:00,170,0.0,No Info,4668
Multiple Carriers,2019-05-15,Delhi,Cochin,06:40:00,19:15:00,755,1.0,No Info,7787
Jet Airways,2019-03-27,Delhi,Cochin,15:05:00,04:25:00,800,1.0,No Info,12242
Indigo,2019-06-24,Mumbai,Hyderabad,01:40:00,03:10:00,90,0.0,No Info,2754
Air India,2019-03-18,Mumbai,Hyderabad,21:05:00,22:25:00,80,0.0,No Info,2050
Air Asia,2019-05-24,Kolkata,Banglore,07:35:00,19:25:00,710,1.0,No Info,5192
Jet Airways,2019-05-12,Banglore,Delhi,15:15:00,18:10:00,175,0.0,In-flight meal not included,4544
Spicejet,2019-04-06,Banglore,Delhi,21:10:00,00:05:00,175,0.0,No Info,3971
Multiple Carriers,2019-05-21,Delhi,Cochin,07:00:00,21:00:00,840,1.0,No Info,7888
Air India,2019-03-06,Delhi,Cochin,12:00:00,07:40:00,1180,2.0,No Info,14746
Jet Airways,2019-05-09,Delhi,Cochin,19:45:00,19:00:00,1395,1.0,No Info,15554
Spicejet,2019-05-15,Kolkata,Banglore,06:55:00,09:30:00,155,0.0,No Info,3873
Air India,2019-05-01,Kolkata,Banglore,14:15:00,16:45:00,150,0.0,No Info,6245
Air India,2019-03-21,Delhi,Cochin,14:10:00,17:10:00,180,0.0,No Info,5674
Vistara,2019-04-09,Banglore,Delhi,09:45:00,12:35:00,170,0.0,No Info,5403
Spicejet,2019-05-09,Kolkata,Banglore,11:35:00,18:50:00,435,1.0,No Info,8479
Indigo,2019-03-12,Chennai,Kolkata,07:55:00,10:15:00,140,0.0,No Info,6297
Air Asia,2019-06-12,Kolkata,Banglore,07:35:00,19:25:00,710,1.0,No Info,5192
Multiple Carriers,2019-05-15,Delhi,Cochin,12:50:00,01:30:00,760,1.0,No Info,7670
Air Asia,2019-04-15,Kolkata,Banglore,19:55:00,22:25:00,150,0.0,No Info,4409
Multiple Carriers,2019-06-15,Delhi,Cochin,09:15:00,19:15:00,600,1.0,No Info,9359
Air India,2019-03-15,Delhi,Cochin,18:05:00,21:10:00,185,0.0,No Info,4939
Air India,2019-05-18,Delhi,Cochin,17:15:00,19:15:00,1560,2.0,No Info,12409
Indigo,2019-06-09,Kolkata,Banglore,08:10:00,13:00:00,290,1.0,No Info,5069
Indigo,2019-05-01,Banglore,Delhi,23:30:00,02:20:00,170,0.0,No Info,4591
Jet Airways,2019-05-18,Kolkata,Banglore,21:10:00,10:05:00,775,1.0,In-flight meal not included,8586
Spicejet,2019-04-06,Kolkata,Banglore,09:00:00,11:25:00,145,0.0,No check-in baggage included,3841
Jet Airways,2019-05-18,Delhi,Cochin,13:25:00,19:00:00,1775,2.0,No Info,15129
Multiple Carriers,2019-03-21,Delhi,Cochin,08:00:00,18:50:00,650,1.0,No Info,11667
Multiple Carriers,2019-06-06,Delhi,Cochin,09:45:00,22:30:00,765,1.0,No Info,9646
Jet Airways,2019-06-18,Banglore,Delhi,11:10:00,14:05:00,175,0.0,In-flight meal not included,5769
Indigo,2019-06-24,Delhi,Cochin,06:50:00,16:10:00,560,1.0,No Info,6442
Spicejet,2019-04-03,Kolkata,Banglore,22:20:00,00:40:00,140,0.0,No Info,3873
Spicejet,2019-06-12,Mumbai,Hyderabad,05:45:00,07:15:00,90,0.0,No Info,2753
Indigo,2019-03-24,Kolkata,Banglore,05:30:00,08:20:00,170,0.0,No Info,4778
Spicejet,2019-04-15,Delhi,Cochin,08:45:00,13:15:00,270,1.0,No Info,5830
Air India,2019-05-18,Kolkata,Banglore,09:25:00,18:30:00,545,1.0,No Info,8576
Jet Airways,2019-05-15,Kolkata,Banglore,18:55:00,12:00:00,1025,1.0,In-flight meal not included,10844
Jet Airways,2019-05-18,Kolkata,Banglore,21:10:00,09:20:00,730,1.0,In-flight meal not included,9663
Multiple Carriers,2019-05-18,Delhi,Cochin,10:00:00,21:00:00,660,1.0,In-flight meal not included,9275
Jet Airways,2019-05-21,Delhi,Cochin,20:55:00,19:00:00,1325,1.0,No Info,16079
Spicejet,2019-05-01,Kolkata,Banglore,17:10:00,19:40:00,150,0.0,No Info,4174
Jet Airways,2019-06-27,Delhi,Cochin,19:10:00,12:35:00,1045,2.0,No Info,12819
Jet Airways,2019-03-01,Banglore,New Delhi,08:55:00,16:10:00,435,1.0,No Info,26890
Jet Airways,2019-05-15,Kolkata,Banglore,18:55:00,09:20:00,865,1.0,In-flight meal not included,9663
Indigo,2019-06-03,Banglore,Delhi,08:30:00,11:20:00,170,0.0,No Info,4823
Jet Airways,2019-05-12,Kolkata,Banglore,18:55:00,08:15:00,800,1.0,In-flight meal not included,9663
